"","X1","X2","MeanDecreaseAccuracy","MeanDecreaseGini"
"Moraxellaceae",-2.77612682389639,-4.00449539971341,-4.74422176109394,0.199448040764138
"Pseudomonadaceae",-1.18112903559328,-0.520644471118652,-1.1888108878088,0.226823497019828
"Enterobacteriaceae",-3.61571608325638,-2.53109567073061,-3.69747399568672,0.187550922355055
"Erwiniaceae",-0.121751685898427,-1.8675408468432,-1.12505617920988,0.178518201018555
"Morganellaceae",-1.05478463647052,-0.307815527976343,-0.743783130682904,0.184250960138415
"Yersiniaceae",0.75139200560551,-1.23643694109096,-0.282454469816826,0.179898837864563
"Pectobacteriaceae",1.26388015059719,0.432867151892471,0.946417460049341,0.153066558462896
"Hafniaceae",-2.52924414529942,-0.734821496917412,-2.43750657470747,0.107883557915997
"Budviciaceae",0.0702020395417187,-0.595842692388781,-0.370731087530803,0.0880053224614222
"Legionellaceae",-0.281092832161906,-0.915552953245297,-0.530147851219646,0.180072907337608
"Coxiellaceae",1.20635071945206,-1.04469877838282,0.113262530235532,0.0829237856102642
"Alteromonadaceae",-0.656098933575643,-2.9801052012398,-2.13018850373314,0.202046084894642
"Pseudoalteromonadaceae",1.37802385172112,-0.213193567177443,1.13904467561191,0.20022273145279
"Shewanellaceae",-0.997573349673694,-1.10529681349066,-1.364118428893,0.197529295325497
"Colwelliaceae",2.18601515248929,-0.413526657835153,1.26085198889122,0.0993523852156595
"Xanthomonadaceae",1.44161342188554,-1.80410399633258,-0.222340289565455,0.194946976989853
"Vibrionaceae",-0.801846197402358,-0.372260155713599,-0.448862989628829,0.21371860194358
"Aeromonadaceae",-0.576937169874664,-1.2935455722511,-1.08676058684659,0.179404305923943
"Alcanivoracaceae",0.461509650656464,-0.728119082036547,-0.112132895398814,0.0863906367820428
"Halomonadaceae",1.12530028448003,-0.815949216841781,0.0842659575777689,0.169583201895956
"Saccharospirillaceae",0.856176216709916,-1.48597009866568,-0.284271657514424,0.0930391539000496
"Oceanospirillaceae",-2.45106126200453,-1.12238715981115,-2.201531677292,0.145402104117327
"Cellvibrionaceae",-2.14541846552707,-3.58888312188828,-3.68130432382414,0.160706657673929
"Halieaceae",-2.88052375214025,-2.88858492037539,-3.56050439273244,0.085401646019741
"Spongiibacteraceae",-1.25885111891739,-1.47547448623083,-1.57367713309773,0.0817529040388319
"Francisellaceae",1.36054318408016,-0.742748740783926,0.405731651345121,0.133087107707803
"Piscirickettsiaceae",3.95664862648124,-1.1098662656774,2.17949468390975,0.191130547686297
"Chromatiaceae",4.16807716009699,0.103633371480636,2.82551651214713,0.162949786105495
"Ectothiorhodospiraceae",0.517325827230011,-2.37430085371282,-1.09754644301367,0.130359135456277
"Halothiobacillaceae",-1.34037167132621,-1.43731181451005,-1.80556329894878,0.0598126678297542
"Acidiferrobacteraceae",1.22358075524707,-2.59600305010461,-0.902872337516712,0.0396620540913116
"Pasteurellaceae",-3.86058130690022,-1.84195200808844,-3.61545985595185,0.20511531666474
"Candidatus.Paracaedibacteraceae",-1.15829386188343,-1.75956168091469,-1.92623257761525,0.117994120681298
"Caedimonadaceae",-1.40356925328693,-1.92841526715122,-1.99146886852138,0.00671382154010642
"Pelagibacteraceae",-0.317564368104161,-0.168439181857972,-0.189043069062661,0.123885940491941
"Rhizobiaceae",4.1924056030973,-1.18621800239652,2.23106359444546,0.220175010443256
"Bradyrhizobiaceae",2.7280417698691,-2.63332847371063,0.549220102518315,0.202709785301401
"Methylobacteriaceae",3.32436182701124,-2.68207743595557,0.369806582768982,0.144302810448183
"Phyllobacteriaceae",4.55438601958946,-2.28614342261901,1.88198515631673,0.159083126123986
"Xanthobacteraceae",2.17330302655983,-0.661363998871405,1.12694113905088,0.0736193864068374
"Hyphomicrobiaceae",4.71882681599242,0.0544853289639399,3.48158485672003,0.139231678346428
"Beijerinckiaceae",2.13567028233081,1.21772638933091,2.11372996837433,0.0581861303439717
"Brucellaceae",3.05964826278704,-0.189843737067159,1.97690475224939,0.100276623263141
"Aurantimonadaceae",-1.85639591151566,-1.05417387711826,-2.15555516623263,0.080342930360713
"Chelatococcaceae",0.00275227347289688,-0.123680868144123,0.00021804838258535,0.0703304215393367
"Rhodobacteraceae",1.63047465649072,-1.93523806911865,0.0669806172147642,0.190765936733623
"Acetobacteraceae",-0.967000189976111,-0.313984773546089,-0.637532065917347,0.159638735731548
"Rhodospirillaceae",1.96069090723203,-2.58197725326375,-0.616809669561186,0.182940602632871
"Sphingomonadaceae",0.659900723610877,-0.29580864077146,0.237242187109269,0.199458103157929
"Erythrobacteraceae",-0.58799413417378,-1.43570489073828,-1.35576106116136,0.172516296926857
"Caulobacteraceae",-0.430149479991716,-1.13234801249081,-0.993150525077338,0.152060784206954
"Rickettsiaceae",-0.506116661752639,-2.31010480862311,-1.60517330124462,0.0914355906555777
"Anaplasmataceae",3.21931280801372,-1.48520768273404,1.61069920504143,0.130772969870747
"Burkholderiaceae",-0.598757446967966,-0.364320168003212,-0.271575729455991,0.204578312486083
"Alcaligenaceae",0.0222901367299973,-2.46623979081336,-1.61627542429174,0.224447390411747
"Oxalobacteraceae",0.687304514539829,0.295938350817374,0.528446436467249,0.169310961566232
"Comamonadaceae",0.808896265461144,-1.41871013775435,-0.437624576388548,0.199348432485594
"Neisseriaceae",-2.16325365858336,-2.73097361301731,-3.06034363917774,0.136903478941087
"Zoogloeaceae",1.98636902826078,-1.88938233612437,0.369426135133349,0.114992354508843
"Azonexaceae",-0.390320077383739,-1.11944073950629,-0.8400396751911,0.0507447721199453
"Nitrosomonadaceae",0.0509090702754277,-2.41432918109465,-1.2734072147142,0.159442397686005
"Archangiaceae",0.999240065107932,-1.48322700371285,-0.367560950134448,0.108482439580257
"Anaeromyxobacteraceae",3.3484940232461,-0.696164707858773,1.81935559104146,0.0757232593518419
"Polyangiaceae",1.94151543940508,-2.63615425119218,-0.725815939227464,0.11543543519171
"Geobacteraceae",1.18225483974271,-0.984423738485407,-0.0576530014345029,0.140267641325581
"Desulfovibrionaceae",-1.40915544017391,-1.99968980000106,-2.21557568650708,0.113289623746886
"Desulfomicrobiaceae",-0.930203533415537,-0.287431364128694,-0.70245374708337,0.0209757991769802
"Desulfobacteraceae",0.69690738394125,-2.87438678616505,-1.88005294265069,0.125498195266375
"Desulfobulbaceae",0.306874257875047,-1.22187906938356,-0.405148144884239,0.0654150344202963
"Syntrophaceae",0.586783732668111,-1.28025492258694,-0.39162250419335,0.0464268016462665
"Desulfurellaceae",0.993146122412704,-1.93957439912595,-0.577113574331514,0.0279856627667228
"Campylobacteraceae",2.32962893808793,-1.34268749819543,0.830557810807489,0.193497860700257
"Helicobacteraceae",2.60587117499806,0.234500429738563,2.0224383021819,0.152853976613118
"Bdellovibrionaceae",-0.856292479832747,0.835178992133898,0.0815861244281176,0.0705974905261082
"Acidithiobacillaceae",-2.2455875030554,-1.74947026382977,-2.42807397424596,0.0481902864730946
"Bacillaceae",-0.226137649539312,-2.36718160575625,-1.4831049418778,0.217566826648017
"Staphylococcaceae",-1.77501349590208,-0.941953558524461,-1.82496453660382,0.195225754188865
"Paenibacillaceae",5.49580679568871,-1.26208967626009,2.9272152893615,0.218734059416413
"Alicyclobacillaceae",-0.527377893885941,-1.47225739099687,-1.16474165508338,0.0762755435875419
"Planococcaceae",5.32064180934529,-1.11178060604756,3.51330606232502,0.164846251701282
"Listeriaceae",-1.58944016797859,-3.0875381842851,-2.91814130083998,0.109181851963563
"Streptococcaceae",-1.24495260113832,-1.32689877602332,-1.78117038807518,0.224032019548941
"Lactobacillaceae",1.41440143357261,-1.54818968457496,-0.0136086531498621,0.189833576801174
"Enterococcaceae",1.22173442974603,-1.31046546657,0.171303884311346,0.145826726595982
"Leuconostocaceae",1.96951394458403,-0.964689471350624,0.717946115663287,0.123553957342912
"Aerococcaceae",-0.616809778856395,-0.66279817170483,-0.732449741415453,0.0734270499089283
"Clostridiaceae",0.599496325142576,-2.75932483550415,-1.28033540396659,0.185999624809092
"Lachnospiraceae",1.2554285718665,-2.86486054592282,-1.12305525498381,0.187047541570135
"Ruminococcaceae",1.39260969743278,0.133011049688813,1.18979665914432,0.18612185924979
"Eubacteriaceae",0.609399712039408,-2.15477029038703,-1.33038963840991,0.0847991455980331
"Peptococcaceae",2.60994131567768,-0.536719137481884,1.56407183141592,0.15065164377821
"Symbiobacteriaceae",2.06162275610832,-1.67144775043727,0.144264395981664,0.0420911031227976
"Thermoanaerobacteraceae",-1.20743951742435,-0.0311395352892333,-0.842885348357088,0.108436518096975
"Thermoanaerobacterales.Family.III..Incertae.Sedis",0.728522719972751,-1.56351863047921,-0.189510979174691,0.138620286609792
"Halanaerobiaceae",-0.977264243531826,-2.66380261336925,-2.6471655064455,0.0579359487672064
"Veillonellaceae",-0.244596415319761,-1.50611917165268,-1.32744113742012,0.0723272769509806
"Sporomusaceae",0.631251258854653,-0.958411875344193,-0.117096098846763,0.0525022516773087
"Acidaminococcaceae",0.441088308591503,0.0604172676626008,0.450198077597611,0.0277687896093403
"Erysipelotrichaceae",0.873500057444162,0.144153569368043,0.763191832375295,0.0922486941531592
"Streptomycetaceae",3.37242590108492,-1.5733267600353,1.40501511355927,0.192742051273907
"Mycobacteriaceae",3.67731438506879,-2.32371099628724,1.46097150813825,0.205560310117034
"Nocardiaceae",2.78535947633491,-1.70915290575459,0.91813205498045,0.181779535254753
"Corynebacteriaceae",3.5429233997991,-0.99771211102641,1.48013643040607,0.175782701635556
"Gordoniaceae",4.12472171454925,-1.17658172709787,2.83686300164119,0.0990305100133729
"Micrococcaceae",-1.02635624122691,-1.42495380937194,-1.47118114471396,0.187665515758774
"Microbacteriaceae",2.28083379558482,-0.562265445477242,1.16374362962845,0.159633296445812
"Brevibacteriaceae",1.26009721022895,-0.708654073024827,0.235333031452798,0.0747479078514848
"Intrasporangiaceae",2.16730824194775,0.183573609931492,1.36039525882305,0.0589904102319727
"Dermacoccaceae",1.91364767239547,-0.831095340135664,0.75183070680932,0.0354020165006606
"Pseudonocardiaceae",4.02303354446533,-2.22254154784925,1.4288989218705,0.183683128677121
"Propionibacteriaceae",-0.419420982095963,-3.10257471943835,-2.22503000223162,0.180459797396192
"Nocardioidaceae",1.02461621197873,0.518823757246363,1.09242400900831,0.139878968591684
"Micromonosporaceae",4.33028095024764,-0.873108282890977,2.81969479600143,0.156619599417595
"Nocardiopsaceae",-1.61073489198622,-1.3475962311859,-2.01420264392129,0.0784876666201765
"Actinomycetaceae",0.916950391510228,-1.49527417663061,-0.240055796118453,0.101013055184209
"Jiangellaceae",1.99418059586677,-2.33066191424039,-0.0568768757935986,0.0952107186928693
"Frankiaceae",3.48912708850994,-2.32391034591284,0.722493305040605,0.131793585318637
"Bifidobacteriaceae",2.07755879274713,-1.24988345209526,0.685390725909242,0.123618073347484
"Kineosporiaceae",2.26195735011267,1.15083332259483,2.03224919957154,0.0208524009863479
"Geodermatophilaceae",1.09404191645943,-0.0700179917971351,0.912874371934647,0.0797664349784324
"Atopobiaceae",0.979629181240191,-1.16734717191494,-0.173748569656879,0.0990508567958687
"Conexibacteraceae",2.57649882789583,0.488949057327308,2.08967946147377,0.0419215740458275
"Rivulariaceae",2.47194608348963,-1.15928281885908,0.54413469500364,0.210956790736883
"Nostocaceae",0.821496177836016,-1.78056108375548,-0.457650067129491,0.200157777386089
"Hapalosiphonaceae",-2.49734338604288,-1.5776534455212,-2.79988856947188,0.0626320814856192
"Aphanizomenonaceae",-0.610881405253646,-2.33006183635448,-2.05371666319043,0.0783204335255368
"Acaryochloridaceae",-0.840224782077989,1.2425377488504,0.388573222700528,0.0543126012881503
"Prochloraceae",-0.0470524227382715,-0.589696710713625,-0.444437470906959,0.165295064072153
"Synechococcaceae",0.0122591570411668,-2.07021323065617,-1.57763246243435,0.149220155566384
"Leptolyngbyaceae",2.03243530967552,-0.978395072946626,0.839006231590696,0.0978473041228564
"Chroococcaceae",0.274703836329895,0.525104794893397,0.593414720488151,0.159358528464156
"Cyanothecaceae",0.445819420390443,-0.809809787462971,-0.184949850107309,0.114583271395521
"Oscillatoriaceae",3.96498763480486,0.761017184693108,3.21581841678607,0.138859260513154
"Hyellaceae",-1.75741454339115,-1.31969666323345,-1.93079344725335,0.0282299354832377
"Spiroplasmataceae",1.11805694698763,-0.679274228563477,0.293820759885783,0.134599033164003
"Entomoplasmataceae",0.988452135909268,-1.45209654221639,-0.404169254183392,0.142618501632444
"Mycoplasmataceae",0.131063598318042,-2.23179606667346,-1.1647804032209,0.169128250764878
"Acholeplasmataceae",1.50316444657196,0.477256469797951,1.27281690217696,0.0918490238230391
"Deinococcaceae",-0.0379815935355769,-1.75914285721205,-1.08728562546744,0.125685054387816
"Thermaceae",3.76187837635018,0.0538074765047127,2.84036200668766,0.100428936802867
"Ardenticatenaceae",2.32100813151432,-1.47277334223532,0.713293934462967,0.060795349758052
"Flavobacteriaceae",-1.87998913642993,0.14010382341083,-1.30549406295944,0.21336157579414
"Ichthyobacteriaceae",-0.559868018483676,-1.85214456087685,-1.72005493456079,0.0632907771113245
"Tannerellaceae",-1.18294334025182,-3.52824570038994,-2.73477340304724,0.0742555374146406
"Porphyromonadaceae",-0.895500374026184,-0.640998894837284,-0.754582194461592,0.0826629513991498
"Prevotellaceae",0.863543027758438,0.264866079071693,0.865966089338847,0.127611629665751
"Bacteroidaceae",1.34208656718888,-2.38135540517182,-0.790219553762657,0.165748199548741
"Rikenellaceae",-2.8076376368331,-2.588405795438,-3.5139278823036,0.0919516719466043
"Marinifilaceae",-2.0001598056001,-3.23252201990004,-3.52020115018674,0.0325685467202881
"Cytophagaceae",-0.423403865682251,-1.98048896565196,-1.42383711714593,0.192472175276116
"Hymenobacteraceae",0.939191220086067,0.167136429250396,0.638318482420572,0.171234950537209
"Persicobacteraceae",-3.58231681539591,-0.414198431758432,-2.50366828984401,0.0656551730209627
"Sphingobacteriaceae",-1.05084097942464,-1.30740588754229,-1.28852519242868,0.172435662826481
"Chitinophagaceae",-0.463811898289961,-1.76836087195015,-1.52375728688144,0.190231223416267
"Haliscomenobacteraceae",-2.01056690639457,-0.110559543531381,-1.3597472550258,0.0611910419835655
"Leptotrichiaceae",-1.1315823455327,-0.606099552951279,-1.12283915696949,0.0933189961516004
"Fusobacteriaceae",-0.391428917863026,-0.637262200814995,-0.792148275806831,0.152494898636798
"Planctomycetaceae",2.91188526895554,-1.16479339161592,1.91706033469813,0.139774332374376
"Isosphaeraceae",0.6551558589751,-1.32232301896565,-0.181492010787784,0.07847319538518
"Candidatus.Brocadiaceae",-0.5123194787003,-1.64819265591255,-1.12847082223222,0.0334986358804045
"Opitutaceae",1.86691593884522,0.321986288061562,1.48467058824522,0.111634792367262
"Nitrospiraceae",-1.8274692338041,-2.34880144440922,-2.6298631470582,0.104749175701715
"Spirochaetaceae",0.698978634087506,-2.32044716912589,-0.995836999085216,0.150305300876875
"Borreliaceae",2.45150328053917,-0.651059680881263,1.46347513008105,0.125158843407959
"Brachyspiraceae",2.15807434061999,0.441310635750763,1.5636941697353,0.100693066028726
"Leptospiraceae",-0.712435149307134,-0.274849643885516,-0.671675473044069,0.0637035400020351
"Vicinamibacteraceae",1.43769366218533,-1.11660813670651,0.183926485867368,0.0531224900227052
"Acidobacteriaceae",4.31423396524616,0.0320608990294122,3.85566431149459,0.106346895853997
"Hydrogenothermaceae",-2.20409936587219,0.237334588961977,-1.05131004390423,0.0425154779114851
"Aquificaceae",-1.08715893712115,-0.57290127377125,-1.30925314660492,0.0488284576163489
"Calditrichaceae",0.98127214902876,0.187750967904327,0.359516841613171,0.0490962735877418
"Synergistaceae",-0.572935099647167,-3.45959131766386,-2.38679470472981,0.0983437319791687
"Deferribacteraceae",-0.823444730593366,-0.432686669964479,-0.687483886695686,0.0876217225682035
"Thermotogaceae",1.09623959961026,-2.00603047613746,-0.420321841907272,0.0828722547504697
"Nitrosopumilaceae",0.504080449561862,-2.33577451048317,-1.37281880434063,0.0919014743641495
"Sulfolobaceae",0.687354929895518,-2.09460361675137,-0.744406179989376,0.142931993233503
"Methanosarcinaceae",1.46386753914359,-2.11944513078123,-0.199891092187824,0.198436674684695
"Methanomicrobiaceae",2.34318786277471,-2.62127507838709,-0.191589483604141,0.097374559760591
"Methanocellaceae",0.357326881066043,0.699374737238883,0.617809414382281,0.0321888738764716
"Methanococcaceae",0.841812019232689,0.394309115667706,1.00847412241552,0.0834682804665198
"Natrialbaceae",0.579238323288487,-1.23315020084031,-0.434869289000149,0.142953650347891
"Thermococcaceae",-0.45719016848088,-1.45825065972969,-1.15078813118745,0.117330286565618
"Methanobacteriaceae",-1.93085513142597,-3.027136931931,-3.12878546724459,0.150681884092775
"Cuniculiplasmataceae",-0.778777846662622,-1.33632536702261,-1.1702148636803,0.0354101792613967
"Endozoicomonadaceae",-0.566001492633761,-0.408346897306171,-0.593002006408058,0.0699235820490716
"Methylococcaceae",0.548885025046502,-0.953307654981422,-0.125167771659693,0.103055580647553
"Orbaceae",1.06609082590407,-0.602189146182175,0.440201345228517,0.0723585337201913
"Rhodobiaceae",3.35351328534594,-0.693554104354642,1.98893360307041,0.0729635271001293
"Methylophilaceae",0.120097159080806,0.715442233407043,0.6051017201565,0.0956138800966607
"Myxococcaceae",2.30208152022395,-1.70021063245549,0.570881231485248,0.106470846871697
"Blattabacteriaceae",0.185149559088606,-0.405925995482925,-0.103189457457825,0.0544567624126351
"Chloroflexaceae",1.50392309650259,1.14559133113129,1.56091344564992,0.051794356715664
"Kangiellaceae",-0.832925918158373,-1.2508080131718,-1.32162843619015,0.0671235001128125
"Ferrimonadaceae",-1.8302425888133,-0.566732086696653,-1.80994429655699,0.0404889981646027
"Rhodanobacteraceae",2.00074536560438,-1.44875293373394,0.568171195154752,0.094884779989033
"Microbulbiferaceae",0.48170542500767,-2.67606851690442,-1.10202094916353,0.0700315584545884
"Bartonellaceae",0.197723838342108,-0.370781755382035,-0.0792160754918302,0.13403123816476
"Carnobacteriaceae",0.947198055687996,-1.95390810244988,-0.697325819029793,0.150239316135245
"Gottschalkiaceae",-0.451130025903077,0.479663377301291,-0.0230650515482421,0.0406418395747862
"Anaerolineaceae",0.656287188729663,-1.30837863212043,-0.11067137034707,0.0828997226907708
"Caldilineaceae",-0.772012326681156,0.108741654477975,-0.322602000740228,0.0471889829638269
"Crocinitomicaceae",-0.0502084748071503,-2.16679405951509,-1.38586183986432,0.0550574311060358
"Cyclobacteriaceae",-2.26752413263261,-1.17396053772786,-2.24627431239483,0.155687082603453
"Flammeovirgaceae",-0.92158698577091,-2.07110040453216,-1.93653532656837,0.104071899129956
"Bernardetiaceae",-0.0188253323567646,-2.34587851257625,-1.69416769542249,0.075783091827684
"Saprospiraceae",0.115888917184958,-1.03377728304768,-0.46395564165962,0.0207370834724437
"Ignavibacteriaceae",-0.353015930903305,-0.899465913171225,-0.76950209962467,0.0236122676040848
"Parachlamydiaceae",-0.997988588517222,0.917738706190303,-0.0726359597504886,0.0531702118206389
"Methanocaldococcaceae",-2.03911554626378,-2.03589888890966,-2.44053839326302,0.0819361821450292
"Tissierellaceae",-2.42944915829297,-1.16226804250967,-2.08001242211226,0.028913259766279
"Microcoleaceae",0.331603465442572,-1.61147134007206,-0.831873231649158,0.09719173131386
"Granulosicoccaceae",-2.30458631006299,-0.897460520293429,-2.34372336848977,0.0534112698180117
"Methanomassiliicoccaceae",-2.39838904033036,-1.32279391533247,-2.62657158100683,0.0472144821811025
"Cohaesibacteraceae",-0.520696911885832,-0.909925889182983,-1.40000447157828,0.0192178607694551
"Scytonemataceae",-0.590042925243789,-3.77687020310605,-2.53218320625117,0.0814282291298155
"Segniliparaceae",-2.54414229883357,-0.998153233173209,-2.18300889889546,0.0165185477467722
"Salinivirgaceae",-2.37145729355609,-0.537960770255211,-2.25664463670776,0.0478339059359093
"Chlorobiaceae",4.18512599913564,-2.18114158850098,1.90216355094324,0.143759964220416
"Fervidobacteriaceae",0.902491071727255,-0.195030595822147,0.298468106181902,0.0852691467563443
"Chlamydiaceae",2.63754635551724,-1.17625688181993,1.18744349594233,0.0879187316792402
"Haloferacaceae",-0.52484721346172,-0.921291036705231,-0.998453072105965,0.0995586471511858
"Halorubraceae",-0.81919248161953,-1.87905258779686,-1.7716695084461,0.0505691812976392
"Moritellaceae",-0.32372893427894,-0.530301553920149,-0.807452052104118,0.0683419680867164
"Oleiphilaceae",-1.24659672019253,0.431943504922393,-0.206760613167652,0.0473765743633439
"Thiotrichaceae",-1.81179651181214,-2.15215697772438,-2.58571382606041,0.0407173631708871
"Sterolibacteriaceae",-0.710863823698563,-1.97291077719914,-1.67070348484679,0.104601376492774
"Gallionellaceae",-0.326455558501223,-2.17214952579107,-1.70850058836295,0.0545815884973213
"Rhodocyclaceae",-0.110200876944724,-2.33269059005124,-1.45552331339885,0.0802823542533584
"Chromobacteriaceae",2.36804107345298,0.907878540595632,1.91313135381748,0.109655717624089
"Desulfohalobiaceae",-1.93404379470532,-1.18452130118527,-2.00406459862274,0.0185139599677429
"Sandaracinaceae",3.12704562796655,-2.01803565451886,0.569636435541005,0.0440078633145467
"Kofleriaceae",0.569801553575172,-1.65094347929333,-0.764848149558227,0.050933282611221
"Syntrophobacteraceae",0.901112655658371,-1.13839282899788,-0.0488031063472307,0.0501404664195134
"Streptosporangiaceae",2.05969337361148,-2.38863202931709,-0.177203938221011,0.0525691093285018
"Catenulisporaceae",-0.991718166804506,-2.37822917485868,-1.83047352705357,0.0334387537413308
"Peptostreptococcaceae",2.06031813289801,-1.23138436895055,0.58867494295212,0.117276771803916
"Thermodesulfobiaceae",1.51841566174489,-2.75952745293817,-0.624288806812428,0.0245687217082796
"Microcystaceae",1.30075969821757,-1.04546242250767,0.201557543366749,0.0617427692260678
"Aphanothecaceae",-1.55164842799589,-2.0392537015433,-2.31997071263925,0.0493390563292293
"Gloeobacteraceae",2.50659850592385,-1.75339864839083,0.591566995204351,0.0645340526712845
"Trueperaceae",0.366609395426537,-0.142841029156192,-0.0621995483539651,0.0308526561241829
"Muribaculaceae",-0.788478854098527,0.071055451069266,-0.502540178744699,0.0297085952276633
"Marinilabiliaceae",-2.1524785986799,-0.335089191126464,-1.56820247595145,0.0409695943343718
"Gemmatimonadaceae",1.33452677085544,-1.08994450572337,0.31838287917461,0.0744679454591977
"Solibacteraceae",1.45788885353514,0.0596654237138418,1.21408614982284,0.0709028393869692
"Thermodesulfobacteriaceae",1.2660121461639,0.429899150663417,1.2040656273526,0.0955401800273718
"Halobacteriaceae",1.00909422390109,-1.80944233737657,-0.412882759884784,0.056078630831099
"Thermoproteaceae",-1.71397587018765,-0.676484687783133,-1.56736621955919,0.043709167616458
"Psychromonadaceae",-0.0734907122089187,-0.896232887642316,-0.551410551735932,0.0681597021425643
"Hyphomonadaceae",1.40770112818204,-0.574534776901392,0.284149070920018,0.105523149435194
"Selenomonadaceae",0.778583259472625,1.85361968357511,1.51961115836444,0.0582573206046766
"Cryomorphaceae",0.023046372259478,-1.19642594351374,-0.683563188014288,0.0541634344523954
"Magnetococcaceae",-0.207100242059449,0.152841172644229,-0.142469062632987,0.0291280996239243
"Beutenbergiaceae",1.0299692396514,-1.82476077276186,-0.504860150932318,0.0548209853840108
"Chrysiogenaceae",-1.89805001714514,0.128037089829937,-1.30085767230869,0.00941715400387307
"Dysgonamonadaceae",-0.580551462090435,0.50788919299322,-0.174547198422234,0.0404513202970153
"Clostridiales.Family.XIII..Incertae.Sedis",1.48245070908943,-0.124896910853676,0.978994086895124,0.0278382370703616
"Eggerthellaceae",1.25513338375465,-1.38125785335811,0.109226503794062,0.0818455465839288
"Fimbriimonadaceae",-2.5949617829164,-2.61623126039331,-3.502021787375,0.0304923067269292
"Dictyoglomaceae",-2.45865713471049,-0.175524933834954,-1.51053165962417,0.0533761140750651
"Desulfuromonadaceae",1.03431117945534,-1.17284890796064,-0.104824113248065,0.0939165472087618
"Dermabacteraceae",0.222441470785824,-2.13025150438892,-1.23408760953899,0.0375899160395235
"Coriobacteriaceae",-1.41840060730754,-0.824589565260927,-1.1535022224823,0.0149786979469134
"Methanosaetaceae",2.24568878143551,-0.172943212045522,1.78658931723725,0.105819882825381
"Pyrodictiaceae",0.0126346187197039,1.13151569317777,0.569085539714377,0.0143773152120352
"Halobacteroidaceae",-0.237576681245755,-2.29039349360606,-1.6535961531067,0.0579761122826233
"Candidatus.Nanopelagicaceae",1.10311716497748,-0.464044632032982,0.414604735327153,0.086278021575932
"Roseiflexaceae",-0.64133257306052,1.35629969104876,0.135195234220907,0.0274435188549203
"Desulfurobacteriaceae",-1.54548328274518,-0.334516732236683,-1.08104465509334,0.0127685230099017
"Thermoactinomycetaceae",1.23021786481324,-0.613193732602626,0.649611694781761,0.0206309202254202
"Sporolactobacillaceae",-0.434790229814109,-0.756205197904674,-0.585053024551963,0.0268413851873211
"Oscillospiraceae",1.4851739309871,-1.10596565902058,0.216108439561208,0.0291848015348363
"Peptoniphilaceae",1.76077236003658,-1.90132434372707,-0.0509449428222878,0.0696790981567527
"Dermocarpellaceae",-0.662093438712837,-0.110656308026042,-0.5017797111524,0.0565722439352147
"Cyanobacteriaceae",0.822341628640618,-3.1417948787476,-1.61063676685147,0.0704901674748586
"Chamaesiphonaceae",-0.798240155216376,0.370226726190282,-0.054578797255223,0.00747532016427859
"Chroococcidiopsidaceae",1.82216303085069,0.0898771727588892,1.11387129048312,0.0526658083281092
"Dietziaceae",1.20568380483943,-0.724223592218699,0.233160533268247,0.0345414024272729
"Dermatophilaceae",-0.616905472769454,-0.487543162786222,-0.670303555564718,0.0168785238438793
"Jonesiaceae",1.04472123879401,-0.440893807260844,0.367005408424173,0.0408153767908888
"Dehalococcoidaceae",-0.165854437816502,0.368063245232144,0.295211290671153,0.0190750106562254
"Sphaerobacteraceae",1.97577681983945,-0.486266580745501,1.0645772776494,0.0383306241607958
"Chthonomonadaceae",-1.97212528387981,0.0995647431861844,-1.1620753807367,0.0283587710502597
"Methylocystaceae",3.60588409774566,-0.127087705847485,2.34368746156923,0.0473421159089581
"Nautiliaceae",1.35521302818333,0.540989710008243,0.98732920369311,0.0248785321373952
"Halobacteriovoraceae",0.470020075088827,-1.16278493422508,-0.590051073663047,0.0356505823997242
"Mariprofundaceae",0.210274570203624,-1.58516642394363,-0.960147289873625,0.0667690051383054
"Prolixibacteraceae",0.382643310449006,-1.77955074665948,-1.35217146513575,0.0273870266637271
"Rhodothermaceae",3.28606117452091,-3.08652993907042,0.229226698521951,0.0836127596099121
"Melioribacteraceae",0.143641372483478,-1.75699509050149,-1.54862429091929,0.0245126315330972
"Waddliaceae",0.441025950558257,-0.101989627814935,0.270142599285649,0.0254793803541452
"Kiritimatiellaceae",1.06743288603256,1.31150574189317,1.69762511663452,0.0418324963119988
"Verrucomicrobiaceae",0.714912300186439,-0.46365501163475,-0.319005565082909,0.0691289786449171
"Kosmotogaceae",0.678997130759796,-1.08213835715381,-0.193452569977778,0.0376859836402873
"Methanoregulaceae",-1.72123335278465,-2.75210021246571,-2.5139134260042,0.0243527547253897
"Haloarculaceae",2.83623219269465,-1.26299714177954,1.25092791899259,0.091241723426758
"Thermoplasmataceae",-1.61479685840229,0.414321184540429,-0.850057675708701,0.0130802845595768
"Candidatus.Nitrosocaldaceae",-1.86087492889159,1.54914153144246,0.0134911594419082,0.0165006238084159
"Desulfurococcaceae",2.45398425811792,-1.42461207785289,1.11174780546899,0.0546946795286075
"Caldisphaeraceae",0,1.40027448069996,1.41414722122007,0.00317857693664122
"Clostridiales.Family.XVII..Incertae.Sedis",-1.41449648996668,0.694255607893397,-0.608469816823956,0.00842830354223344
"Thermoanaerobacterales.Family.IV..Incertae.Sedis",0.849654207453879,1.08398767269017,0.981030933376155,0.0143026802444874
"Natranaerobiaceae",0.117444205895061,-0.765474060368338,-0.783741880853146,0.0104515295500403
"Tsukamurellaceae",-1.94719991908378,-1.69320124327604,-2.37637302053444,0.0198666204700404
"Nakamurellaceae",0.641105868509784,0.464312237847165,0.648674241021648,0.0256594688545448
"Rubrobacteraceae",1.44337363016737,-0.293053868219469,0.375284294970723,0.0253826509622419
"Coprothermobacteraceae",-0.483115066457148,-1.0001000150025,-0.752822111106144,0.00591851027553341
"Fibrobacteraceae",1.44104436854379,-1.66712982262021,0.721288498974122,0.0159265983951203
"Ferroplasmaceae",1.1630484771456,-1.70916391507922,-0.277578160115693,0.0349589636711143
"Immundisolibacteraceae",2.79704988411298,0.492830551950363,2.13227924052974,0.0425861456731241
"Salinisphaeraceae",0.606197705809198,-1.48678485587861,-0.84744688497721,0.0306742237945068
"Thiobacillaceae",-1.71841859868114,-1.39083971796276,-1.87138985519529,0.00449258731700737
"Vulgatibacteraceae",2.55935013032352,-0.0439027775288362,1.96313513033034,0.0161493789153515
"Bradymonadaceae",0.992200436859439,-0.952043626528987,0.003517635632313,0.0412203378771358
"Promicromonosporaceae",2.67352815416879,-2.38274344002994,0.585141470635867,0.0617996676452108
"Cellulomonadaceae",1.75722577410056,0.121221004349176,1.39384238985528,0.0323451188584881
"Glycomycetaceae",2.17524241191912,2.1221769304069,2.73573410573616,0.0232964942209095
"Limnochordaceae",0.330664634192849,-1.17651500628894,-0.982460861271641,0.0204748076559507
"Gemmataceae",1.49637182717749,-1.19279800869491,0.0940762055895396,0.0614007483260475
"Phycisphaeraceae",1.695038183898,-2.26737984243098,-0.792346894000854,0.0338120815150957
"Idiomarinaceae",-0.920972434987227,-1.09092871823814,-1.52231694870293,0.0387874825845755
"Holosporaceae",-1.0001000150025,0,-1.0001000150025,0.00939413286313518
"Candidatus.Desulfofervidaceae",0.144651071574142,-0.731214723364613,-0.443395865050561,0.0143042753965595
"Candidatus.Midichloriaceae",1.68475979365745,0.0743294556907255,1.1436541147916,0.00605077377608697
"Woeseiaceae",1.10637795229048,1.34330215507315,1.65659014839004,0.0140769840436153
"Desulfarculaceae",1.14018958663284,-1.28114358059936,-0.0136866989911613,0.0204492492130303
"Thermomonosporaceae",0.812063320828331,-2.67903473634965,-1.25234189379849,0.0306334548149523
"Archaeoglobaceae",-0.722426746536645,-0.302314576416735,-0.729027445664698,0.0577789979532522
"Syntrophomonadaceae",0.655821300490899,0.34742018538708,0.73154678853257,0.0226652033981411
"Thermofilaceae",-0.443531257066824,-1.05272922317966,-0.930594756889578,0.0185651478699929
"Nitrososphaeraceae",0.244486298133145,-0.25734947927626,0.0724421821417762,0.0210806629234903
"Acidothermaceae",-1.68069610378736,-0.218218929376225,-1.06786036150475,0.00742621668966498
"Acidimicrobiaceae",-0.271958750691049,-0.678911708713353,-0.812808726487629,0.0211322415564236
"Merismopediaceae",1.09995373291051,-0.0859219645701046,0.725295450473281,0.0438973808659386
"Pseudanabaenaceae",-0.957142727319087,-1.17021024323429,-1.44108606286467,0.0118290728191969
"Wenzhouxiangellaceae",-1.38297221597064,-0.891181749768741,-1.22893703221658,0.0214597253927189
"Bacteriovoracaceae",-0.992482808350313,-0.759308883616577,-1.29190717763132,0.0203490921043332
"Gomontiellaceae",-1.44513292421468,0.117567953784863,-0.728187051095048,0.0232085074749244
"Gloeomargaritaceae",1.93851469330322,0.0667116657386534,1.30888890531512,0.0175611032809241
"Odoribacteraceae",0,1.0001000150025,1.0001000150025,0.00604559316478081
"Methylacidiphilaceae",0,0,0,0.00411554309131728
"Acidilobaceae",-1.97335510089614,-1.97866619634917,-2.1140038825962,0.0110812952147717
"Parvularculaceae",0.301532194584475,0.353179412041597,0.72458698961387,0.0102930488049309
"Sinobacteraceae",-1.38165430662895,-1.35636725026303,-1.68722979119193,0.0112816949732848
"Sanguibacteraceae",-1.00343561974407,-1.36863979591961,-1.72590317839743,0.01998831053915
"Heliobacteriaceae",-1.0001000150025,-0.785035439859902,-0.845549349412377,0.00576343148714673
"Coleofasciculaceae",-1.0001000150025,1.0001000150025,0,0.00400749284277888
"Elusimicrobiaceae",-1.40747382474894,-1.11746115166798,-1.29371968833108,0.00901672785170655
"Hahellaceae",-0.702664853210932,-1.40747382474894,-1.2098104889706,0.00768983334381858
"Cardiobacteriaceae",-0.734013611384838,-1.41117206928946,-1.39798224876983,0.00715467303229032
"Methanocorpusculaceae",1.0001000150025,-1.73088015484011,-0.915463068244784,0.00785748355378668
"Amoebophilaceae",-1.47775329989943,-0.0565233599530064,-1.1619234950145,0.00601292405855294
"Akkermansiaceae",-1.0001000150025,-0.212317223240499,-0.456953470662814,0.00616464432390869
